Sample_name,file1,file2,PrimerF,PrimerR,Locus
1,SS18-059-a_S1_L001_R1_001.fastq.gz,SS18-059-a_S1_L001_R2_001.fastq.gz,GGWACWGGWTGAACWGTWTAYCCYCC,TANACYTCNGGRTGNCCRAARAAYCA,Leray
2,SS18-059-b_S2_L001_R1_001.fastq.gz,SS18-059-b_S2_L001_R2_001.fastq.gz,GGWACWGGWTGAACWGTWTAYCCYCC,TANACYTCNGGRTGNCCRAARAAYCA,Leray
3,SS18-059-c_S3_L001_R1_001.fastq.gz,SS18-059-c_S3_L001_R2_001.fastq.gz,GGWACWGGWTGAACWGTWTAYCCYCC,TANACYTCNGGRTGNCCRAARAAYCA,Leray
4,SS19-064-a_S4_L001_R1_001.fastq.gz,SS19-064-a_S4_L001_R2_001.fastq.gz,GGWACWGGWTGAACWGTWTAYCCYCC,TANACYTCNGGRTGNCCRAARAAYCA,Leray
5,SS19-064-b_S5_L001_R1_001.fastq.gz,SS19-064-b_S5_L001_R2_001.fastq.gz,GGWACWGGWTGAACWGTWTAYCCYCC,TANACYTCNGGRTGNCCRAARAAYCA,Leray
6,SS19-064-c_S6_L001_R1_001.fastq.gz,SS19-064-c_S6_L001_R2_001.fastq.gz,GGWACWGGWTGAACWGTWTAYCCYCC,TANACYTCNGGRTGNCCRAARAAYCA,Leray
7,SS19-065-a_S7_L001_R1_001.fastq.gz,SS19-065-a_S7_L001_R2_001.fastq.gz,GGWACWGGWTGAACWGTWTAYCCYCC,TANACYTCNGGRTGNCCRAARAAYCA,Leray
8,SS19-065-b_S8_L001_R1_001.fastq.gz,SS19-065-b_S8_L001_R2_001.fastq.gz,GGWACWGGWTGAACWGTWTAYCCYCC,TANACYTCNGGRTGNCCRAARAAYCA,Leray
9,"NA_S9_L001_R1_001.fastq.gz","NA_S9_L001_R2_001.fastq.gz",GGWACWGGWTGAACWGTWTAYCCYCC,TANACYTCNGGRTGNCCRAARAAYCA,Leray
10,SS20-333-a_S10_L001_R1_001.fastq.gz,SS20-333-a_S10_L001_R2_001.fastq.gz,GGWACWGGWTGAACWGTWTAYCCYCC,TANACYTCNGGRTGNCCRAARAAYCA,Leray
11,SS20-333-b_S11_L001_R1_001.fastq.gz,SS20-333-b_S11_L001_R2_001.fastq.gz,GGWACWGGWTGAACWGTWTAYCCYCC,TANACYTCNGGRTGNCCRAARAAYCA,Leray
12,SS20-333-c_S12_L001_R1_001.fastq.gz,SS20-333-c_S12_L001_R2_001.fastq.gz,GGWACWGGWTGAACWGTWTAYCCYCC,TANACYTCNGGRTGNCCRAARAAYCA,Leray
13,SS19-087-a_S13_L001_R1_001.fastq.gz,SS19-087-a_S13_L001_R2_001.fastq.gz,GGWACWGGWTGAACWGTWTAYCCYCC,TANACYTCNGGRTGNCCRAARAAYCA,Leray
14,SS19-087-b_S14_L001_R1_001.fastq.gz,SS19-087-b_S14_L001_R2_001.fastq.gz,GGWACWGGWTGAACWGTWTAYCCYCC,TANACYTCNGGRTGNCCRAARAAYCA,Leray
15,SS19-087-c_S15_L001_R1_001.fastq.gz,SS19-087-c_S15_L001_R2_001.fastq.gz,GGWACWGGWTGAACWGTWTAYCCYCC,TANACYTCNGGRTGNCCRAARAAYCA,Leray
16,SS20-332-a_S16_L001_R1_001.fastq.gz,SS20-332-a_S16_L001_R2_001.fastq.gz,GGWACWGGWTGAACWGTWTAYCCYCC,TANACYTCNGGRTGNCCRAARAAYCA,Leray
17,SS20-332-b_S17_L001_R1_001.fastq.gz,SS20-332-b_S17_L001_R2_001.fastq.gz,GGWACWGGWTGAACWGTWTAYCCYCC,TANACYTCNGGRTGNCCRAARAAYCA,Leray
18,SS20-332-c_S18_L001_R1_001.fastq.gz,SS20-332-c_S18_L001_R2_001.fastq.gz,GGWACWGGWTGAACWGTWTAYCCYCC,TANACYTCNGGRTGNCCRAARAAYCA,Leray
19,SS20-350-a_S19_L001_R1_001.fastq.gz,SS20-350-a_S19_L001_R2_001.fastq.gz,GGWACWGGWTGAACWGTWTAYCCYCC,TANACYTCNGGRTGNCCRAARAAYCA,Leray
20,SS20-350-b_S20_L001_R1_001.fastq.gz,SS20-350-b_S20_L001_R2_001.fastq.gz,GGWACWGGWTGAACWGTWTAYCCYCC,TANACYTCNGGRTGNCCRAARAAYCA,Leray
21,SS20-350-b_S21_L001_R1_001.fastq.gz,SS20-350-b_S21_L001_R2_001.fastq.gz,GGWACWGGWTGAACWGTWTAYCCYCC,TANACYTCNGGRTGNCCRAARAAYCA,Leray
22,SS20-350-c_S22_L001_R1_001.fastq.gz,SS20-350-c_S22_L001_R2_001.fastq.gz,GGWACWGGWTGAACWGTWTAYCCYCC,TANACYTCNGGRTGNCCRAARAAYCA,Leray
23,SS18-066V-a_S23_L001_R1_001.fastq.gz,SS18-066V-a_S23_L001_R2_001.fastq.gz,GGWACWGGWTGAACWGTWTAYCCYCC,TANACYTCNGGRTGNCCRAARAAYCA,Leray
24,SS18-066V-b_S24_L001_R1_001.fastq.gz,SS18-066V-b_S24_L001_R2_001.fastq.gz,GGWACWGGWTGAACWGTWTAYCCYCC,TANACYTCNGGRTGNCCRAARAAYCA,Leray
25,SS19-059-a_S25_L001_R1_001.fastq.gz,SS19-059-a_S25_L001_R2_001.fastq.gz,GGWACWGGWTGAACWGTWTAYCCYCC,TANACYTCNGGRTGNCCRAARAAYCA,Leray
26,SS19-059-b_S26_L001_R1_001.fastq.gz,SS19-059-b_S26_L001_R2_001.fastq.gz,GGWACWGGWTGAACWGTWTAYCCYCC,TANACYTCNGGRTGNCCRAARAAYCA,Leray
27,SS19-059-c_S27_L001_R1_001.fastq.gz,SS19-059-c_S27_L001_R2_001.fastq.gz,GGWACWGGWTGAACWGTWTAYCCYCC,TANACYTCNGGRTGNCCRAARAAYCA,Leray
28,SS20-184-a_S28_L001_R1_001.fastq.gz,SS20-184-a_S28_L001_R2_001.fastq.gz,GGWACWGGWTGAACWGTWTAYCCYCC,TANACYTCNGGRTGNCCRAARAAYCA,Leray
29,SS20-184-b_S29_L001_R1_001.fastq.gz,SS20-184-b_S29_L001_R2_001.fastq.gz,GGWACWGGWTGAACWGTWTAYCCYCC,TANACYTCNGGRTGNCCRAARAAYCA,Leray
30,SS20-184-c_S30_L001_R1_001.fastq.gz,SS20-184-c_S30_L001_R2_001.fastq.gz,GGWACWGGWTGAACWGTWTAYCCYCC,TANACYTCNGGRTGNCCRAARAAYCA,Leray
31,SS20-188-a_S31_L001_R1_001.fastq.gz,SS20-188-a_S31_L001_R2_001.fastq.gz,GGWACWGGWTGAACWGTWTAYCCYCC,TANACYTCNGGRTGNCCRAARAAYCA,Leray
32,SS20-188-b_S32_L001_R1_001.fastq.gz,SS20-188-b_S32_L001_R2_001.fastq.gz,GGWACWGGWTGAACWGTWTAYCCYCC,TANACYTCNGGRTGNCCRAARAAYCA,Leray
33,SS20-188-c_S33_L001_R1_001.fastq.gz,SS20-188-c_S33_L001_R2_001.fastq.gz,GGWACWGGWTGAACWGTWTAYCCYCC,TANACYTCNGGRTGNCCRAARAAYCA,Leray
34,SS20-191-a_S34_L001_R1_001.fastq.gz,SS20-191-a_S34_L001_R2_001.fastq.gz,GGWACWGGWTGAACWGTWTAYCCYCC,TANACYTCNGGRTGNCCRAARAAYCA,Leray
35,SS20-191-b_S35_L001_R1_001.fastq.gz,SS20-191-b_S35_L001_R2_001.fastq.gz,GGWACWGGWTGAACWGTWTAYCCYCC,TANACYTCNGGRTGNCCRAARAAYCA,Leray
36,SS20-191-c_S36_L001_R1_001.fastq.gz,SS20-191-c_S36_L001_R2_001.fastq.gz,GGWACWGGWTGAACWGTWTAYCCYCC,TANACYTCNGGRTGNCCRAARAAYCA,Leray
37,SS20-221-a_S37_L001_R1_001.fastq.gz,SS20-221-a_S37_L001_R2_001.fastq.gz,GGWACWGGWTGAACWGTWTAYCCYCC,TANACYTCNGGRTGNCCRAARAAYCA,Leray
38,SS20-221-b_S38_L001_R1_001.fastq.gz,SS20-221-b_S38_L001_R2_001.fastq.gz,GGWACWGGWTGAACWGTWTAYCCYCC,TANACYTCNGGRTGNCCRAARAAYCA,Leray
39,SS20-221-c_S39_L001_R1_001.fastq.gz,SS20-221-c_S39_L001_R2_001.fastq.gz,GGWACWGGWTGAACWGTWTAYCCYCC,TANACYTCNGGRTGNCCRAARAAYCA,Leray
40,SS20-233-a_S40_L001_R1_001.fastq.gz,SS20-233-a_S40_L001_R2_001.fastq.gz,GGWACWGGWTGAACWGTWTAYCCYCC,TANACYTCNGGRTGNCCRAARAAYCA,Leray
41,SS20-233-b_S41_L001_R1_001.fastq.gz,SS20-233-b_S41_L001_R2_001.fastq.gz,GGWACWGGWTGAACWGTWTAYCCYCC,TANACYTCNGGRTGNCCRAARAAYCA,Leray
42,SS20-233-c_S42_L001_R1_001.fastq.gz,SS20-233-c_S42_L001_R2_001.fastq.gz,GGWACWGGWTGAACWGTWTAYCCYCC,TANACYTCNGGRTGNCCRAARAAYCA,Leray
43,SS20-331-a_S43_L001_R1_001.fastq.gz,SS20-331-a_S43_L001_R2_001.fastq.gz,GGWACWGGWTGAACWGTWTAYCCYCC,TANACYTCNGGRTGNCCRAARAAYCA,Leray
44,SS20-331-b_S44_L001_R1_001.fastq.gz,SS20-331-b_S44_L001_R2_001.fastq.gz,GGWACWGGWTGAACWGTWTAYCCYCC,TANACYTCNGGRTGNCCRAARAAYCA,Leray
45,SS20-331-c_S45_L001_R1_001.fastq.gz,SS20-331-c_S45_L001_R2_001.fastq.gz,GGWACWGGWTGAACWGTWTAYCCYCC,TANACYTCNGGRTGNCCRAARAAYCA,Leray
46,SS20-349-a_S46_L001_R1_001.fastq.gz,SS20-349-a_S46_L001_R2_001.fastq.gz,GGWACWGGWTGAACWGTWTAYCCYCC,TANACYTCNGGRTGNCCRAARAAYCA,Leray
47,SS20-349-b_S47_L001_R1_001.fastq.gz,SS20-349-b_S47_L001_R2_001.fastq.gz,GGWACWGGWTGAACWGTWTAYCCYCC,TANACYTCNGGRTGNCCRAARAAYCA,Leray
48,SS20-349-c_S48_L001_R1_001.fastq.gz,SS20-349-c_S48_L001_R2_001.fastq.gz,GGWACWGGWTGAACWGTWTAYCCYCC,TANACYTCNGGRTGNCCRAARAAYCA,Leray
49,SS20-216-a_S49_L001_R1_001.fastq.gz,SS20-216-a_S49_L001_R2_001.fastq.gz,GGWACWGGWTGAACWGTWTAYCCYCC,TANACYTCNGGRTGNCCRAARAAYCA,Leray
50,SS20-216-b_S50_L001_R1_001.fastq.gz,SS20-216-b_S50_L001_R2_001.fastq.gz,GGWACWGGWTGAACWGTWTAYCCYCC,TANACYTCNGGRTGNCCRAARAAYCA,Leray
51,SS20-216-c_S51_L001_R1_001.fastq.gz,SS20-216-c_S51_L001_R2_001.fastq.gz,GGWACWGGWTGAACWGTWTAYCCYCC,TANACYTCNGGRTGNCCRAARAAYCA,Leray
52,SS20-330k-a_S52_L001_R1_001.fastq.gz,SS20-330k-a_S52_L001_R2_001.fastq.gz,GGWACWGGWTGAACWGTWTAYCCYCC,TANACYTCNGGRTGNCCRAARAAYCA,Leray
53,SS20-330k-b_S53_L001_R1_001.fastq.gz,SS20-330k-b_S53_L001_R2_001.fastq.gz,GGWACWGGWTGAACWGTWTAYCCYCC,TANACYTCNGGRTGNCCRAARAAYCA,Leray
54,SS20-330k-c_S54_L001_R1_001.fastq.gz,SS20-330k-c_S54_L001_R2_001.fastq.gz,GGWACWGGWTGAACWGTWTAYCCYCC,TANACYTCNGGRTGNCCRAARAAYCA,Leray
55,SS20-341-a_S55_L001_R1_001.fastq.gz,SS20-341-a_S55_L001_R2_001.fastq.gz,GGWACWGGWTGAACWGTWTAYCCYCC,TANACYTCNGGRTGNCCRAARAAYCA,Leray
56,SS20-341-b_S56_L001_R1_001.fastq.gz,SS20-341-b_S56_L001_R2_001.fastq.gz,GGWACWGGWTGAACWGTWTAYCCYCC,TANACYTCNGGRTGNCCRAARAAYCA,Leray
57,SS20-341-c_S57_L001_R1_001.fastq.gz,SS20-341-c_S57_L001_R2_001.fastq.gz,GGWACWGGWTGAACWGTWTAYCCYCC,TANACYTCNGGRTGNCCRAARAAYCA,Leray
58,SS18-058V-a_S58_L001_R1_001.fastq.gz,SS18-058V-a_S58_L001_R2_001.fastq.gz,GGWACWGGWTGAACWGTWTAYCCYCC,TANACYTCNGGRTGNCCRAARAAYCA,Leray
59,SS18-058V-b_S59_L001_R1_001.fastq.gz,SS18-058V-b_S59_L001_R2_001.fastq.gz,GGWACWGGWTGAACWGTWTAYCCYCC,TANACYTCNGGRTGNCCRAARAAYCA,Leray
60,SS18-058V-c_S60_L001_R1_001.fastq.gz,SS18-058V-c_S60_L001_R2_001.fastq.gz,GGWACWGGWTGAACWGTWTAYCCYCC,TANACYTCNGGRTGNCCRAARAAYCA,Leray
61,SS18-062V-a_S61_L001_R1_001.fastq.gz,SS18-062V-a_S61_L001_R2_001.fastq.gz,GGWACWGGWTGAACWGTWTAYCCYCC,TANACYTCNGGRTGNCCRAARAAYCA,Leray
62,SS18-062V-b_S62_L001_R1_001.fastq.gz,SS18-062V-b_S62_L001_R2_001.fastq.gz,GGWACWGGWTGAACWGTWTAYCCYCC,TANACYTCNGGRTGNCCRAARAAYCA,Leray
63,SS18-062V-c_S63_L001_R1_001.fastq.gz,SS18-062V-c_S63_L001_R2_001.fastq.gz,GGWACWGGWTGAACWGTWTAYCCYCC,TANACYTCNGGRTGNCCRAARAAYCA,Leray
64,SS18-067V-a_S64_L001_R1_001.fastq.gz,SS18-067V-a_S64_L001_R2_001.fastq.gz,GGWACWGGWTGAACWGTWTAYCCYCC,TANACYTCNGGRTGNCCRAARAAYCA,Leray
65,SS18-067V-b_S65_L001_R1_001.fastq.gz,SS18-067V-b_S65_L001_R2_001.fastq.gz,GGWACWGGWTGAACWGTWTAYCCYCC,TANACYTCNGGRTGNCCRAARAAYCA,Leray
66,SS18-067V-c_S66_L001_R1_001.fastq.gz,SS18-067V-c_S66_L001_R2_001.fastq.gz,GGWACWGGWTGAACWGTWTAYCCYCC,TANACYTCNGGRTGNCCRAARAAYCA,Leray
67,SS18-068V-a_S67_L001_R1_001.fastq.gz,SS18-068V-a_S67_L001_R2_001.fastq.gz,GGWACWGGWTGAACWGTWTAYCCYCC,TANACYTCNGGRTGNCCRAARAAYCA,Leray
68,SS18-068V-b_S68_L001_R1_001.fastq.gz,SS18-068V-b_S68_L001_R2_001.fastq.gz,GGWACWGGWTGAACWGTWTAYCCYCC,TANACYTCNGGRTGNCCRAARAAYCA,Leray
69,SS18-068V-c_S69_L001_R1_001.fastq.gz,SS18-068V-c_S69_L001_R2_001.fastq.gz,GGWACWGGWTGAACWGTWTAYCCYCC,TANACYTCNGGRTGNCCRAARAAYCA,Leray
70,SS18-070V-a_S70_L001_R1_001.fastq.gz,SS18-070V-a_S70_L001_R2_001.fastq.gz,GGWACWGGWTGAACWGTWTAYCCYCC,TANACYTCNGGRTGNCCRAARAAYCA,Leray
71,SS18-070V-b_S71_L001_R1_001.fastq.gz,SS18-070V-b_S71_L001_R2_001.fastq.gz,GGWACWGGWTGAACWGTWTAYCCYCC,TANACYTCNGGRTGNCCRAARAAYCA,Leray
72,SS18-070V-c_S72_L001_R1_001.fastq.gz,SS18-070V-c_S72_L001_R2_001.fastq.gz,GGWACWGGWTGAACWGTWTAYCCYCC,TANACYTCNGGRTGNCCRAARAAYCA,Leray
73,SS20-190-a_S73_L001_R1_001.fastq.gz,SS20-190-a_S73_L001_R2_001.fastq.gz,GGWACWGGWTGAACWGTWTAYCCYCC,TANACYTCNGGRTGNCCRAARAAYCA,Leray
74,SS20-190-b_S74_L001_R1_001.fastq.gz,SS20-190-b_S74_L001_R2_001.fastq.gz,GGWACWGGWTGAACWGTWTAYCCYCC,TANACYTCNGGRTGNCCRAARAAYCA,Leray
75,SS20-190-c_S75_L001_R1_001.fastq.gz,SS20-190-c_S75_L001_R2_001.fastq.gz,GGWACWGGWTGAACWGTWTAYCCYCC,TANACYTCNGGRTGNCCRAARAAYCA,Leray
76,SS20-234-a_S76_L001_R1_001.fastq.gz,SS20-234-a_S76_L001_R2_001.fastq.gz,GGWACWGGWTGAACWGTWTAYCCYCC,TANACYTCNGGRTGNCCRAARAAYCA,Leray
77,SS20-234-b_S77_L001_R1_001.fastq.gz,SS20-234-b_S77_L001_R2_001.fastq.gz,GGWACWGGWTGAACWGTWTAYCCYCC,TANACYTCNGGRTGNCCRAARAAYCA,Leray
78,SS20-234-c_S78_L001_R1_001.fastq.gz,SS20-234-c_S78_L001_R2_001.fastq.gz,GGWACWGGWTGAACWGTWTAYCCYCC,TANACYTCNGGRTGNCCRAARAAYCA,Leray
79,SS20-334-a_S79_L001_R1_001.fastq.gz,SS20-334-a_S79_L001_R2_001.fastq.gz,GGWACWGGWTGAACWGTWTAYCCYCC,TANACYTCNGGRTGNCCRAARAAYCA,Leray
80,SS20-334-b_S80_L001_R1_001.fastq.gz,SS20-334-b_S80_L001_R2_001.fastq.gz,GGWACWGGWTGAACWGTWTAYCCYCC,TANACYTCNGGRTGNCCRAARAAYCA,Leray
81,SS20-334-c_S81_L001_R1_001.fastq.gz,SS20-334-c_S81_L001_R2_001.fastq.gz,GGWACWGGWTGAACWGTWTAYCCYCC,TANACYTCNGGRTGNCCRAARAAYCA,Leray
82,SS18-071V-a_S82_L001_R1_001.fastq.gz,SS18-071V-a_S82_L001_R2_001.fastq.gz,GGWACWGGWTGAACWGTWTAYCCYCC,TANACYTCNGGRTGNCCRAARAAYCA,Leray
83,SS18-071V-b_S83_L001_R1_001.fastq.gz,SS18-071V-b_S83_L001_R2_001.fastq.gz,GGWACWGGWTGAACWGTWTAYCCYCC,TANACYTCNGGRTGNCCRAARAAYCA,Leray
84,SS18-071V-c_S84_L001_R1_001.fastq.gz,SS18-071V-c_S84_L001_R2_001.fastq.gz,GGWACWGGWTGAACWGTWTAYCCYCC,TANACYTCNGGRTGNCCRAARAAYCA,Leray
85,"NA_S85_L001_R1_001.fastq.gz","NA_S85_L001_R2_001.fastq.gz",GGWACWGGWTGAACWGTWTAYCCYCC,TANACYTCNGGRTGNCCRAARAAYCA,Leray
86,"NA_S86_L001_R1_001.fastq.gz","NA_S86_L001_R2_001.fastq.gz",GGWACWGGWTGAACWGTWTAYCCYCC,TANACYTCNGGRTGNCCRAARAAYCA,Leray
87,"NA_S87_L001_R1_001.fastq.gz","NA_S87_L001_R2_001.fastq.gz",GGWACWGGWTGAACWGTWTAYCCYCC,TANACYTCNGGRTGNCCRAARAAYCA,Leray
88,"NA_S88_L001_R1_001.fastq.gz","NA_S88_L001_R2_001.fastq.gz",GGWACWGGWTGAACWGTWTAYCCYCC,TANACYTCNGGRTGNCCRAARAAYCA,Leray
89,SS18-066V-c_S89_L001_R1_001.fastq.gz,SS18-066V-c_S89_L001_R2_001.fastq.gz,GGWACWGGWTGAACWGTWTAYCCYCC,TANACYTCNGGRTGNCCRAARAAYCA,Leray
90,"NA_S90_L001_R1_001.fastq.gz","NA_S90_L001_R2_001.fastq.gz",GGWACWGGWTGAACWGTWTAYCCYCC,TANACYTCNGGRTGNCCRAARAAYCA,Leray
91,SS19-065-c_S91_L001_R1_001.fastq.gz,SS19-065-c_S91_L001_R2_001.fastq.gz,GGWACWGGWTGAACWGTWTAYCCYCC,TANACYTCNGGRTGNCCRAARAAYCA,Leray
92,"NA_S92_L001_R1_001.fastq.gz","NA_S92_L001_R2_001.fastq.gz",GGWACWGGWTGAACWGTWTAYCCYCC,TANACYTCNGGRTGNCCRAARAAYCA,Leray
93,"NA_S93_L001_R1_001.fastq.gz","NA_S93_L001_R2_001.fastq.gz",GGWACWGGWTGAACWGTWTAYCCYCC,TANACYTCNGGRTGNCCRAARAAYCA,Leray
94,"NA_S94_L001_R1_001.fastq.gz","NA_S94_L001_R2_001.fastq.gz",GGWACWGGWTGAACWGTWTAYCCYCC,TANACYTCNGGRTGNCCRAARAAYCA,Leray
95,PositiveControl_S95_L001_R1_001.fastq.gz,PositiveControl_S95_L001_R2_001.fastq.gz,GGWACWGGWTGAACWGTWTAYCCYCC,TANACYTCNGGRTGNCCRAARAAYCA,Leray
96,NegativeControl_S96_L001_R1_001.fastq.gz,NegativeControl_S96_L001_R2_001.fastq.gz,GGWACWGGWTGAACWGTWTAYCCYCC,TANACYTCNGGRTGNCCRAARAAYCA,Leray
